{
    "log": {
        "enabled": false,
        "severity": "debug"
    },
    "cache_sample_file": {
        "enabled": true,
        "adapter": "file",
        "path": "cache",
        "version": "current"
    },
    "cache_sample_apc": {
        "enabled": true,
        "adapter": "apc",
        "version": 1
    },
    "cache_sample_memcache": {
        "enabled": true,
        "adapter": "memcache",
        "host": "localhost",
        "port": 11211,
        "version": 1,
        "timeout": 3600
    },
    "cache_sample_memcached": {
        "enabled": true,
        "adapter": "memcached",
        "host": "localhost",
        "port": 11211,
        "version": 1,
        "timeout": 3600
    },
    "cache_sample_redis": {
        "enabled": true,
        "adapter": "redis",
        "host": "localhost",
        "port": 6379,
        "version": 1,
        "timeout": 3600
    },
  	"agent": {
	  "enabled": true,
	  "version": "stable"
	},
	"translator_options": {
		"debug": false,
		"debug_format": "<span style='font-size:20px;color:red;'>{<\/span> {$0} <span style='font-size:20px;color:red;'>}<\/span>",
		"split_sentences": true,
		"nodes": {
			"ignored": [
				"html",
				"body"
			],
            "scripts": [
                "style",
                "script",
                "code",
                "pre"
            ],
			"inline": [
				"a",
				"span",
				"i",
				"b",
				"img",
				"strong",
				"s",
				"em",
				"u",
				"sub",
				"sup"
			],
			"short": [
				"i",
				"b"
			],
			"splitters": [
				"br",
				"hr"
			]
		},
		"attributes": {
			"labels": [
				"title",
				"alt"
			]
		},
		"name_mapping": {
			"b": "bold",
			"i": "italic",
			"a": "link",
			"img": "picture"
		},
		"data_tokens": {
			"special": {
			  "enabled": true,
			  "regex": "/(&[^;]*;)/"
			},
			"date": {
			  "enabled": true,
			  "formats": [
				["/((Jan|Feb|Mar|Apr|May|Jun|Jul|Aug|Sep|Oct|Nov|Dec)\\s+\\d+,\\s+\\d+)/", "{month} {day}, {year}"],
				["/((January|February|March|April|May|June|July|August|September|October|November|December)\\s+\\d+,\\s+\\d+)/", "{month} {day}, {year}"],
				["/((January|February|March|April|May|June|July|August|September|October|November|December)\\s+\\d+)/", "{month} {day}"],
				["/(\\d+\\s+(Jan|Feb|Mar|Apr|May|Jun|Jul|Aug|Sep|Oct|Nov|Dec),\\s+\\d+)/", "{day} {month}, {year}"],
				["/(\\d+\\s+(January|February|March|April|May|June|July|August|September|October|November|December),\\s+\\d+)/", "{day} {month}, {year}"]
			  ],
			  "name": "date"
			},
			"rules": [
			  {"enabled": true, "name": "time",     "regex": "/(\\d{1,2}:\\d{1,2}\\s+([A-Z]{2,3}|am|pm|AM|PM)?)/"},
			  {"enabled": true, "name": "phone",    "regex": "/((\\d{1}-)?\\d{3}-\\d{3}-\\d{4}|\\d?\\(\\d{3}\\)\\s*\\d{3}-\\d{4}|(\\d.)?\\d{3}.\\d{3}.\\d{4})/"},
			  {"enabled": true, "name": "email",    "regex": "/([-a-z0-9~!$%^&*_=+}{\\'?]+(\\.[-a-z0-9~!$%^&*_=+}{\\'?]+)*@([a-z0-9_][-a-z0-9_]*(\\.[-a-z0-9_]+)*\\.(aero|arpa|biz|com|coop|edu|gov|info|int|mil|museum|name|net|org|pro|travel|io|mobi|[a-z][a-z])|([0-9]{1,3}\\.[0-9]{1,3}\\.[0-9]{1,3}\\.[0-9]{1,3}))(:[0-9]{1,5})?)/"},
			  {"enabled": true, "name": "price",    "regex": "/(\\$\\d*(,\\d*)*(\\.\\d*)?)/"},
			  {"enabled": true, "name": "fraction", "regex": "/(\\d+\\/\\d+)/"},
			  {"enabled": true, "name": "num",      "regex": "/(\\b\\d+(,\\d*)*(\\.\\d*)?%?\\b)/"}
			]
		}
	}
}