{
    "data": {
        "html":{
            "ndash":"&ndash;",
            "mdash":"&mdash;",
            "iexcl":"&iexcl;",
            "iquest":"&iquest;",
            "quot":"&quot;",
            "ldquo":"&ldquo;",
            "rdquo":"&rdquo;",
            "lsquo":"&lsquo;",
            "rsquo":"&rsquo;",
            "laquo":"&laquo;",
            "raquo":"&raquo;",
            "nbsp":"&nbsp;",
            "lsaquo":"&lsaquo;",
            "rsaquo":"&rsaquo;",
            "br":"<br/>",
            "lbrace":"{",
            "rbrace":"}",
            "trade":"&trade;"
        },
        "plain":{
            "ndash":"\u2013",
            "mdash":"\u2014",
            "iexcl":"\u00a1",
            "iquest":"\u00bf",
            "quot":"\"",
            "ldquo":"\u201c",
            "rdquo":"\u201d",
            "lsquo":"\u2018",
            "rsquo":"\u2019",
            "laquo":"\u00ab",
            "raquo":"\u00bb",
            "nbsp":" ",
            "lsaquo":"\u2039",
            "rsaquo":"\u203a",
            "br":"\n",
            "lbrace":"{",
            "rbrace":"}",
            "trade":"\u2122"
        }
    },
    "decoration": {
        "html":{
            "strong":"<strong>{$0}</strong>",
            "bold":"<strong>{$0}</strong>",
            "b":"<strong>{$0}</strong>",
            "em":"<em>{$0}</em>",
            "italic":"<i>{$0}</i>",
            "i":"<i>{$0}</i>",
            "link":"<a href='{$href}'>{$0}</a>",
            "br":"<br>{$0}",
            "strike":"<strike>{$0}</strike>",
            "div":"<div id='{$id}' class='{$class}' style='{$style}'>{$0}</div>",
            "span":"<span id='{$id}' class='{$class}' style='{$style}'>{$0}</span>",
            "h1":"<h1>{$0}</h1>",
            "h2":"<h2>{$0}</h2>",
            "h3":"<h3>{$0}</h3>"
        },
        "plain":{
            "strong":"{$0}",
            "bold":"{$0}",
            "b":"{$0}",
            "em":"{$0}",
            "italic":"{$0}",
            "i":"{$0}",
            "link":"{$0}:{$1}",
            "br":"\n{$0}",
            "strike":"{$0}",
            "div":"{$0}",
            "span":"{$0}",
            "h1":"{$0}",
            "h2":"{$0}",
            "h3":"{$0}"
        }
    }
}